{"cameraMode":{"drawMode":0,"name":"Shaded","section":"Shading Mode"},"sceneLighting":false,"audioPlay":false,"sceneViewState":{"showFog":true,"showMaterialUpdate":false,"showSkybox":true,"showFlares":true,"showImageEffects":true,"showParticleSystems":true},"in2DMode":false,"pivot":{"x":0.0,"y":0.6277440786361694,"z":-2.9802322387695315e-8},"rotation":{"x":-0.018573950976133348,"y":-0.71779865026474,"z":-0.01916266232728958,"w":0.6957390904426575},"size":2.2544522285461427,"orthographic":false}