{"cameraMode":{"drawMode":0,"name":"Shaded","section":"Shading Mode"},"sceneLighting":true,"audioPlay":false,"sceneViewState":{"showFog":true,"showMaterialUpdate":false,"showSkybox":true,"showFlares":true,"showImageEffects":true,"showParticleSystems":true},"in2DMode":false,"pivot":{"x":67.87886047363281,"y":391.2178649902344,"z":-130.47042846679688},"rotation":{"x":-0.021087579429149629,"y":-0.9695283770561218,"z":0.22681456804275514,"w":-0.0901404619216919},"size":590.6015014648438,"orthographic":false}