{"cameraMode":{"drawMode":0,"name":"Shaded","section":"Shading Mode"},"sceneLighting":false,"audioPlay":false,"sceneViewState":{"showFog":true,"showMaterialUpdate":false,"showSkybox":true,"showFlares":true,"showImageEffects":true,"showParticleSystems":true},"in2DMode":false,"pivot":{"x":0.12669137120246888,"y":0.5000000596046448,"z":0.02035047858953476},"rotation":{"x":-0.032053183764219287,"y":0.9679466485977173,"z":-0.17644645273685456,"w":-0.17583692073822022},"size":2.0358622074127199,"orthographic":false}