{"cameraMode":{"drawMode":0,"name":"Shaded","section":"Shading Mode"},"sceneLighting":false,"audioPlay":false,"sceneViewState":{"showFog":true,"showMaterialUpdate":false,"showSkybox":true,"showFlares":true,"showImageEffects":true,"showParticleSystems":true},"in2DMode":false,"pivot":{"x":96.80000305175781,"y":151.72337341308595,"z":143.69662475585938},"rotation":{"x":-0.032053183764219287,"y":0.9679466485977173,"z":-0.17644645273685456,"w":-0.17583692073822022},"size":2.206610918045044,"orthographic":false}